,City,Lat,Lng,Max Temp,Humidity,Cloudiness,Wind Speed,Country,Date
0,souillac,-20.52,57.52,64.4,93,40,4.7,MU,1604285901
1,taltal,-25.4,-70.48,57.52,71,6,5.73,CL,1604285901
2,sao jose da coroa grande,20.51,76.21,72.84,51,0,4.38,IN,1604285902
3,bredasdorp,-34.53,20.04,64.4,82,98,13.87,ZA,1604285902
4,albany,42.6,-73.97,41.0,87,76,1.99,US,1604285902
5,pithapuram,17.12,82.27,80.6,83,20,8.05,IN,1604285902
6,gat,31.61,34.76,69.01,78,100,2.53,IL,1604285882
7,lompoc,34.64,-120.46,64.99,72,1,5.82,US,1604285902
8,arraial do cabo,-22.84,-46.65,57.2,76,75,11.41,BR,1604285902
9,cap-aux-meules,47.38,-61.86,50.0,81,100,17.22,CA,1604285902
10,cherskiy,68.75,161.3,1.44,92,99,5.26,RU,1604285684
11,yellowknife,62.46,-114.35,10.99,85,75,11.41,CA,1604285833
12,dahra,36.25,0.85,57.2,67,0,4.7,DZ,1604285903
13,rikitea,-23.12,-134.97,73.85,86,91,24.32,PF,1604285659
14,castro,-24.79,-50.01,50.34,92,41,10.29,BR,1604285843
15,bambous virieux,-20.26,57.41,71.01,93,40,4.7,MU,1604285903
16,atuona,-9.8,-139.03,77.86,77,92,14.76,PF,1604285826
17,brigantine,39.41,-74.36,48.0,81,1,13.87,US,1604285903
18,vaini,-21.2,-175.2,80.6,78,20,13.87,TO,1604285828
19,hithadhoo,-0.6,73.08,82.17,74,100,7.96,MV,1604285904
20,laguna,38.42,-121.42,68.0,45,1,3.02,US,1604285904
21,husavik,66.04,-17.34,39.2,51,90,6.93,IS,1604285642
22,hilo,19.73,-155.09,84.2,62,40,4.7,US,1604285876
23,ancud,-41.87,-73.82,48.99,87,6,2.24,CL,1604285904
24,longyearbyen,78.22,15.64,35.6,69,0,26.4,SJ,1604285904
25,barrow,71.29,-156.79,26.6,68,40,19.46,US,1604285904
26,victoria,22.29,114.16,82.0,61,100,1.99,HK,1604285796
27,velikooktyabrskiy,57.43,33.82,35.08,88,99,5.84,RU,1604285904
28,talnakh,69.49,88.4,19.4,92,75,4.47,RU,1604285686
29,ixtapa,20.7,-105.2,76.05,85,10,2.48,MX,1604285904
30,kodiak,57.79,-152.41,30.2,42,90,21.92,US,1604285665
31,riyadh,24.69,46.72,59.0,47,0,4.16,SA,1604285905
32,saint-augustin,51.23,-58.65,38.17,79,100,16.31,CA,1604285905
33,teguise,29.06,-13.56,68.0,82,0,6.93,ES,1604285905
34,cine,37.61,28.06,51.8,57,0,4.7,TR,1604285905
35,nanortalik,60.14,-45.24,32.4,89,0,37.65,GL,1604285905
36,touros,-5.2,-35.46,80.6,78,75,11.41,BR,1604285905
37,westport,41.14,-73.36,48.0,78,96,1.01,US,1604285905
38,vao,-22.67,167.48,74.62,82,100,15.68,NC,1604285722
39,jamestown,42.1,-79.24,35.01,86,90,18.34,US,1604285657
40,mataura,-46.19,168.86,55.99,65,53,11.99,NZ,1604285906
41,punta arenas,8.99,125.34,87.73,60,83,3.18,PH,1604285906
42,tuktoyaktuk,69.45,-133.04,12.2,92,90,16.11,CA,1604285906
43,busselton,-33.65,115.33,60.01,83,99,4.9,AU,1604285825
44,rio grande,38.3,21.78,51.8,93,0,0.27,GR,1604285906
45,dikson,73.51,80.55,17.82,97,90,8.88,RU,1604285906
46,ushuaia,-54.8,-68.3,57.2,54,75,4.7,AR,1604285660
47,caledon,-34.23,19.43,61.0,87,95,3.0,ZA,1604285647
48,makushino,55.21,67.24,28.89,97,4,4.88,RU,1604285906
49,port lincoln,-7.03,29.76,71.87,71,99,2.13,CD,1604285907
50,mopipi,-21.18,24.88,69.13,66,91,16.53,BW,1604285907
51,richards bay,46.84,-95.91,32.0,82,1,8.05,US,1604285907
52,zavitinsk,50.12,129.45,23.92,96,100,8.66,RU,1604285907
53,anadyr,64.75,177.48,14.0,85,75,4.47,RU,1604285907
54,ryotsu,38.08,138.43,57.2,100,75,9.17,JP,1604285907
55,bluff,-46.6,168.33,55.99,65,48,11.99,NZ,1604285907
56,macenta,8.54,-9.47,68.97,82,62,1.03,GN,1604285907
57,hasaki,35.73,140.83,71.6,73,75,13.87,JP,1604285907
58,parauna,-16.95,-50.45,70.03,71,81,8.68,BR,1604285907
59,solano,38.23,-121.95,66.0,33,1,1.52,US,1604285908
60,cape town,-36.41,-71.9,51.8,100,0,4.7,CL,1604285908
61,beloha,-25.17,45.05,67.33,81,0,14.47,MG,1604285908
62,rocha,-34.48,-54.33,48.38,89,0,1.23,UY,1604285855
63,moorhead,46.87,-96.77,33.8,59,1,14.99,US,1604285823
64,san cristobal,13.3,-4.9,77.07,19,0,6.33,ML,1604285908
65,muros,42.78,-9.06,66.99,89,100,15.99,ES,1604285908
66,zyryanka,65.75,150.85,0.63,92,91,1.88,RU,1604285908
67,east london,65.0,-15.0,35.6,69,90,12.75,IS,1604285827
68,sitka,57.05,-135.33,50.0,87,90,25.28,US,1604285908
69,rawson,-43.3,-65.1,74.46,26,99,24.92,AR,1604285848
70,hamilton,39.18,-84.53,37.99,44,40,16.11,US,1604285900
71,san patricio,13.3,-4.9,77.07,19,0,6.33,ML,1604285908
72,ilulissat,69.22,-51.1,19.4,67,100,9.17,GL,1604285909
73,caravelas,-17.71,-39.25,71.58,86,100,11.77,BR,1604285876
74,kapaa,22.08,-159.32,77.0,83,90,8.05,US,1604285840
75,kindu,-2.95,25.95,69.42,97,100,4.43,CD,1604285909
76,chuy,-33.7,-53.46,51.93,86,0,3.24,UY,1604285909
77,cidreira,-30.18,-50.21,61.56,65,11,5.66,BR,1604285689
78,port elizabeth,-7.03,29.76,71.87,71,99,2.13,CD,1604285909
79,puerto ayora,36.59,-6.23,55.4,93,0,3.36,ES,1604285909
80,lerwick,60.15,-1.15,50.0,81,50,32.21,GB,1604285910
81,port alfred,-7.03,29.76,71.87,71,99,2.13,CD,1604285907
82,vangaindrano,-23.35,47.6,68.99,87,100,3.87,MG,1604285910
83,ribeira grande,42.75,-8.44,66.99,93,90,13.87,ES,1604285910
84,murgab,37.5,61.97,48.2,57,0,4.7,TM,1604285910
85,kirensk,57.79,108.11,17.62,84,5,6.44,RU,1604285910
86,kamaishi,39.27,141.88,53.6,87,75,3.36,JP,1604285845
87,makakilo city,21.35,-158.09,82.4,65,40,9.17,US,1604285813
88,labuhan,-6.88,112.21,85.32,66,100,6.58,ID,1604285910
89,nabire,-3.37,135.48,84.16,79,94,4.25,ID,1604285911
90,shingu,33.73,135.98,66.2,93,75,6.93,JP,1604285911
91,aksu,41.12,80.26,45.86,49,0,1.77,CN,1604285911
92,faanui,-16.48,-151.75,79.97,81,0,18.32,PF,1604285911
93,banda aceh,25.48,80.33,73.58,21,0,5.39,IN,1604285911
94,lebu,-37.62,-73.65,53.28,94,82,7.65,CL,1604285678
95,taoudenni,22.68,-3.98,75.31,20,100,14.63,ML,1604285911
96,winnemucca,40.97,-117.74,51.8,23,1,4.7,US,1604285911
97,north battleford,50.33,3.67,64.4,88,100,20.8,FR,1604285805
98,provideniya,64.38,-173.3,26.6,63,20,4.47,RU,1604285700
99,sistranda,63.73,8.83,51.8,66,0,16.11,NO,1604285912
100,kamyzyak,46.11,48.07,39.2,86,34,4.47,RU,1604285912
101,wanxian,30.8,108.39,61.36,63,93,2.55,CN,1604285735
102,deputatskiy,69.3,139.9,-14.17,88,38,5.88,RU,1604285912
103,kiama,-34.68,150.87,73.0,69,92,1.99,AU,1604285709
104,nouakchott,18.09,-15.98,75.2,57,100,10.29,MR,1604285912
105,raudeberg,61.99,5.14,46.99,83,100,24.85,NO,1604285912
106,berlevag,70.86,29.09,43.14,82,100,36.19,NO,1604285912
107,takoradi,4.88,-1.76,77.36,90,67,5.79,GH,1604285912
108,padang,-0.95,100.35,85.35,61,82,4.92,ID,1604285913
109,poplar bluff,51.51,-0.02,64.99,77,90,19.46,GB,1604285913
110,balikpapan,-1.27,116.83,84.2,74,20,4.7,ID,1604285913
111,contamana,-7.33,-75.02,75.79,67,100,1.74,PE,1604285727
112,borovoy,55.43,86.08,32.0,96,0,8.95,RU,1604285913
113,mar del plata,43.4,-4.01,57.2,93,70,5.41,ES,1604285913
114,katsuura,35.13,140.3,73.4,93,75,14.99,JP,1604285913
115,inuvik,68.35,-133.72,12.2,92,87,2.24,CA,1604285838
116,necochea,-38.55,-58.74,54.0,77,8,7.0,AR,1604285913
117,nisia floresta,39.39,21.64,41.0,93,30,2.35,GR,1604285914
118,vila velha,42.03,-8.16,60.01,95,99,8.99,PT,1604285914
119,ayan,56.45,138.17,26.2,98,100,20.31,RU,1604285914
120,newtownards,54.59,-5.69,45.0,93,100,11.41,GB,1604285914
121,chokurdakh,70.63,147.92,-1.43,93,100,12.73,RU,1604285914
122,lata,40.16,-8.33,64.99,92,89,1.21,PT,1604285914
123,tairua,-37.02,175.85,69.01,72,100,8.99,NZ,1604285914
124,sohna,28.25,77.07,59.0,58,0,5.84,IN,1604285914
125,hermanus,-34.42,19.23,61.0,87,91,3.0,ZA,1604285915
126,stromness,58.97,-3.3,48.2,81,8,19.46,GB,1604285915
127,namatanai,-3.67,152.43,84.15,72,63,3.65,PG,1604285915
128,bengkulu,-3.8,102.27,80.82,79,100,1.1,ID,1604285849
129,melfi,41.0,15.65,46.4,87,75,13.87,IT,1604285915
130,pacific grove,38.48,-90.74,33.01,79,0,4.97,US,1604285915
131,carnarvon,-24.87,113.63,73.4,49,40,16.11,AU,1604285915
132,musoma,-1.5,33.8,71.6,64,20,9.08,TZ,1604285915
133,saint-philippe,-21.36,55.77,69.8,64,90,4.7,RE,1604285915
134,port hardy,-7.03,29.76,72.55,71,71,2.08,CD,1604285916
135,lasa,46.62,10.7,48.2,81,75,5.82,IT,1604285916
136,butaritari,3.07,172.79,82.11,79,59,10.29,KI,1604285916
137,vilhena,-12.74,-60.15,71.53,79,100,2.89,BR,1604285916
138,hobart,-42.88,147.33,81.0,44,0,6.93,AU,1604285720
139,zhangye,38.93,100.45,47.95,43,0,2.26,CN,1604285916
140,thompson,55.74,-97.86,21.2,92,75,5.88,CA,1604285836
141,nemuro,43.32,145.57,62.6,67,75,21.92,JP,1604285916
142,puerto del rosario,36.59,-6.23,55.4,93,0,3.36,ES,1604285916
143,farafangana,-22.82,47.83,71.01,75,98,4.79,MG,1604285916
144,vanino,49.09,140.25,47.66,54,99,8.23,RU,1604285917
145,pisco,-13.7,-76.22,64.4,82,90,13.87,PE,1604285917
146,kaeo,-35.1,173.78,73.99,74,100,8.99,NZ,1604285917
147,kenai,60.55,-151.26,24.01,37,1,28.86,US,1604285917
148,luderitz,-26.65,15.16,59.56,76,100,3.87,NA,1604285917
149,bilma,18.69,12.92,66.9,32,0,10.22,NE,1604285838
150,asyut,27.18,31.18,68.0,77,0,11.41,EG,1604285917
151,shihezi,44.3,86.03,43.48,56,0,0.4,CN,1604285917
152,sokoni,-6.43,39.55,75.2,88,20,7.99,TZ,1604285917
153,matamoros,25.53,-103.25,63.7,40,66,13.82,MX,1604285917
154,vardo,70.37,31.11,44.69,81,100,28.16,NO,1604285918
155,romitan,39.93,64.38,41.0,38,0,4.16,UZ,1604285918
156,kamenka,51.32,42.77,41.52,78,83,9.31,RU,1604285918
157,coihueco,-36.62,-71.83,51.8,100,2,4.7,CL,1604285918
158,port blair,-7.03,29.76,71.87,71,99,2.13,CD,1604285909
159,khandbari,27.37,87.2,74.25,44,95,2.46,NP,1604285723
160,norman wells,35.22,-97.44,50.0,54,1,4.7,US,1604285738
161,oranjemund,-28.55,16.43,60.13,70,2,4.83,NA,1604285918
162,kuminskiy,58.67,66.57,25.14,98,0,5.03,RU,1604285918
163,codrington,-38.27,141.97,75.06,62,0,10.67,AU,1604285847
164,san juan,13.3,-4.9,77.07,19,0,6.33,ML,1604285919
165,san quintin,13.3,-4.9,77.07,19,0,6.33,ML,1604285908
166,egvekinot,66.32,-179.17,11.01,87,61,1.21,RU,1604285836
167,qaanaaq,77.48,-69.36,2.62,73,0,5.73,GL,1604285836
168,kyren,51.68,102.14,27.77,83,4,0.72,RU,1604285919
169,tuatapere,-46.13,167.68,55.99,65,20,11.99,NZ,1604285919
170,pangnirtung,66.15,-65.71,8.1,83,74,5.17,CA,1604285848
171,sydney,-33.87,151.21,70.0,68,40,16.11,AU,1604285715
172,adrar,20.5,-10.07,76.48,19,100,10.27,MR,1604285919
173,novopokrovka,49.84,36.55,50.0,93,90,6.71,UA,1604285920
174,hobyo,5.35,48.53,79.34,79,2,6.71,SO,1604285920
175,portland,45.52,-122.68,57.2,50,1,9.17,US,1604285605
176,mys shmidta,62.06,48.62,27.16,97,0,4.32,RU,1604285920
177,mount isa,53.66,-1.85,61.0,90,99,5.99,GB,1604285920
178,acarau,-2.89,-40.12,79.66,81,48,10.51,BR,1604285920
179,leningradskiy,69.38,178.42,17.8,83,84,4.41,RU,1604285920
180,ahipara,-35.17,173.17,70.29,73,100,9.22,NZ,1604285902
181,severo-kurilsk,50.68,156.12,43.66,75,18,12.84,RU,1604285920
182,fayaoue,-20.65,166.53,77.68,79,7,15.57,NC,1604285921
183,valdivia,-39.81,-73.25,51.8,87,55,4.7,CL,1604285921
184,chicama,-7.84,-79.15,61.68,82,78,4.99,PE,1604285701
185,lavrentiya,65.58,-171.0,21.97,88,32,8.12,RU,1604285775
186,nikolskoye,59.7,30.79,35.6,93,90,6.71,RU,1604285921
187,saskylakh,71.92,114.08,-10.12,88,51,10.36,RU,1604285829
188,hualmay,-11.1,-77.61,60.87,87,20,8.3,PE,1604285921
189,tabou,4.42,-7.35,76.98,90,12,5.86,CI,1604285921
190,kahului,20.89,-156.47,84.2,62,40,11.41,US,1604285686
191,eyl,7.98,49.82,77.79,64,0,10.94,SO,1604285921
192,grindavik,63.84,-22.43,33.8,86,75,6.93,IS,1604285922
193,zhigansk,66.77,123.37,2.28,92,100,21.41,RU,1604285922
194,atambua,-9.11,124.89,87.85,46,90,3.06,ID,1604285922
195,rudbar,30.15,62.6,55.33,27,0,2.64,AF,1604285922
196,roald,62.58,6.13,51.8,53,69,11.41,NO,1604285875
197,tual,-5.67,132.75,83.32,73,100,11.97,ID,1604285922
198,nioro,13.35,-15.75,76.51,65,0,6.06,GM,1604285922
199,sao filipe,20.51,76.21,73.27,50,0,4.16,IN,1604285922
200,kruisfontein,-34.0,24.73,64.0,83,14,4.0,ZA,1604285674
201,graaff-reinet,-32.25,24.53,52.0,93,0,1.36,ZA,1604285923
202,iqaluit,63.75,-68.51,15.8,78,90,4.7,CA,1604285672
203,college,64.86,-147.8,-0.99,83,20,2.21,US,1604285767
204,yulara,-25.24,130.99,95.0,10,0,11.41,AU,1604285923
205,lorengau,-2.02,147.27,86.16,68,34,4.74,PG,1604285923
206,half moon bay,6.38,-10.7,76.57,91,5,4.85,LR,1604285923
207,belmonte,-15.86,-38.88,68.0,88,75,6.93,BR,1604285923
208,tekeli,44.83,78.82,43.61,48,19,5.39,KZ,1604285923
209,tiksi,71.69,128.87,-4.7,90,1,6.71,RU,1604285923
210,agadez,19.75,10.25,62.42,37,53,10.69,NE,1604285924
211,puerto escondido,36.59,-6.23,55.4,93,0,3.36,ES,1604285916
212,alyangula,-13.85,136.42,98.6,18,90,11.41,AU,1604285924
213,kundiawa,-6.02,144.97,75.09,67,64,2.26,PG,1604285924
214,george,-33.96,22.46,55.4,100,0,2.24,ZA,1604285869
215,namibe,-15.2,12.15,69.46,79,10,3.62,AO,1604285924
216,dingle,11.0,122.67,83.52,80,93,14.27,PH,1604285827
217,cabo san lucas,-8.28,-35.03,80.6,74,40,6.93,BR,1604285924
218,mokhotlong,-29.29,29.07,39.9,84,16,1.25,LS,1604285924
219,khatanga,71.97,102.5,8.76,95,99,8.39,RU,1604285925
220,clyde river,41.3,-82.98,33.01,77,16,1.01,US,1604285702
221,naze,28.37,129.48,80.6,78,20,3.36,JP,1604285925
222,plettenberg bay,51.22,7.88,60.01,91,100,1.99,DE,1604285925
223,sinnamary,5.38,-52.95,80.53,81,94,9.35,GF,1604285925
224,araouane,18.9,-3.53,80.64,16,77,5.7,ML,1604285925
225,tasiilaq,65.61,-37.64,24.8,73,0,4.7,GL,1604285875
226,kieta,-6.22,155.63,86.52,61,2,3.8,PG,1604285925
227,margate,51.38,1.39,62.01,87,100,11.01,GB,1604285925
228,dano,11.15,-3.07,75.88,34,2,2.33,BF,1604285925
229,kaitangata,-46.28,169.85,54.0,59,88,8.01,NZ,1604285881
230,bowen,-20.02,148.23,87.8,48,40,13.87,AU,1604285926
231,bethel,41.37,-73.41,46.4,61,90,9.17,US,1604285681
232,wajir,1.75,40.06,75.99,78,56,14.72,KE,1604285926
233,juruti,-2.15,-56.09,82.83,51,72,2.98,BR,1604285926
234,salalah,17.02,54.09,71.6,46,0,3.36,OM,1604285782
235,saint-pierre,-21.34,55.48,69.8,64,90,4.7,RE,1604285926
236,doha,25.29,51.53,77.0,61,0,2.24,QA,1604285682
237,barkot,30.82,78.2,63.19,42,0,0.63,IN,1604285926
238,deer lake,38.62,-91.8,37.99,50,0,3.85,US,1604285926
239,manjacaze,-24.71,33.88,65.28,91,41,2.62,MZ,1604285927
240,chitral,35.85,71.79,55.11,29,0,5.91,PK,1604285927
241,grinnell,41.74,-92.72,35.6,43,1,3.36,US,1604285927
242,hjelset,62.78,7.48,48.2,76,99,12.75,NO,1604285927
243,mednogorsk,51.41,57.59,37.29,89,50,17.34,RU,1604285927
244,darnah,32.77,22.64,69.69,64,74,14.47,LY,1604285927
245,lagos,6.58,3.75,76.73,95,98,1.74,NG,1604285821
246,jhargram,22.45,86.98,80.46,67,21,7.14,IN,1604285927
247,sribne,50.66,32.92,45.27,93,80,4.03,UA,1604285927
248,wasilla,61.58,-149.44,21.2,40,1,16.11,US,1604285848
249,wagar,16.15,36.2,75.96,74,10,7.38,SD,1604285928
250,cayambe,0.05,-78.13,53.6,81,20,5.82,EC,1604285928
251,mazagao,-0.12,-51.29,82.4,88,0,6.93,BR,1604285928
252,nhulunbuy,-12.23,136.77,91.4,49,13,10.29,AU,1604285928
253,chalisgaon,20.47,75.02,76.05,38,19,3.15,IN,1604285928
254,reykjavik,64.14,-21.9,35.6,69,75,6.93,IS,1604285928
255,lagoa,39.05,-27.98,61.84,70,44,17.34,PT,1604285868
256,bandarbeyla,9.49,50.81,76.51,76,0,17.65,SO,1604285928
257,palmer,42.16,-72.33,42.8,75,75,11.41,US,1604285928
258,geraldton,-28.77,114.6,68.0,68,75,17.22,AU,1604285827
259,kiunga,-6.12,141.29,86.47,68,99,2.57,PG,1604285731
260,avarua,-21.21,-159.78,78.8,83,88,17.22,CK,1604285929
261,poum,-20.23,164.02,78.84,75,59,11.3,NC,1604285929
262,banjarmasin,-3.32,114.59,76.37,92,100,3.83,ID,1604285929
263,byron bay,44.03,-92.65,30.2,58,1,6.93,US,1604285929
264,zhenlai,45.85,123.3,33.91,66,100,19.46,CN,1604285929
265,sao joao da barra,20.51,76.21,72.84,51,0,4.38,IN,1604285929
266,floridia,37.09,15.15,50.0,100,0,4.7,IT,1604285929
267,mayo,38.89,-76.51,53.6,46,40,17.22,US,1604285877
268,coquimbo,-29.95,-71.34,55.4,87,40,2.24,CL,1604285745
269,livingstonia,-10.61,34.11,65.59,81,74,5.44,MW,1604285930
270,saint-francois,46.42,3.91,62.01,77,0,3.36,FR,1604285930
271,yerbogachen,61.28,108.01,12.11,89,75,12.59,RU,1604285930
272,inirida,3.87,-67.92,71.4,98,100,1.63,CO,1604285930
273,meulaboh,4.14,96.13,83.75,71,93,3.38,ID,1604285930
274,narsaq,60.92,-46.05,23.0,73,0,4.7,GL,1604285930
275,uyar,55.81,94.32,35.26,83,100,6.69,RU,1604285930
276,bulgan,48.81,103.53,26.26,80,0,2.91,MN,1604285728
277,valley city,45.13,-116.13,42.8,48,1,5.01,US,1604285931
278,georgetown,5.41,100.34,84.2,83,20,6.93,MY,1604285726
279,corvallis,44.56,-123.26,48.99,87,1,3.36,US,1604285931
280,tome,-36.62,-72.95,53.6,87,90,3.36,CL,1604285931
281,semirom,31.42,51.57,28.89,84,0,1.1,IR,1604285931
282,tiznit,29.58,-9.5,66.99,29,0,3.6,MA,1604285931
283,kailua,21.4,-157.74,80.6,61,75,5.82,US,1604285931
284,kununurra,-15.77,128.73,98.6,35,57,8.05,AU,1604285931
285,japura,-0.32,102.35,86.77,64,100,3.51,ID,1604285932
286,najran,17.49,44.13,55.4,32,0,0.4,SA,1604285932
287,zharkovskiy,55.85,32.27,39.51,89,100,5.84,RU,1604285932
288,kaura namoda,12.29,4.46,74.88,23,73,10.13,NG,1604285932
289,port-gentil,-0.72,8.78,78.91,83,100,10.98,GA,1604285932
290,camopi,3.17,-52.32,73.49,95,14,2.28,GF,1604285932
291,diffa,13.32,12.61,75.18,35,3,11.27,NE,1604285863
292,ponta do sol,38.73,-28.27,58.84,80,44,16.06,PT,1604285932
293,grand centre,38.88,-109.5,48.2,42,1,4.7,US,1604285932
294,jalu,29.03,21.55,61.23,69,1,5.21,LY,1604285933
295,upernavik,72.79,-56.15,16.39,93,98,3.98,GL,1604285834
296,klaksvik,62.23,-6.59,44.6,81,31,14.99,FO,1604285695
297,kirakira,-10.45,161.92,78.78,86,99,6.08,SB,1604285933
298,chapada dos guimaraes,-28.89,-50.36,48.76,92,55,3.74,BR,1604285933
299,mugur-aksy,50.35,90.5,24.69,81,50,4.72,RU,1604285933
300,moses lake,6.69,-8.48,70.25,98,38,0.87,CI,1604285933
301,zinder,13.81,8.99,75.2,22,100,12.84,NE,1604285933
302,isangel,-19.55,169.27,86.0,66,75,11.41,VU,1604285697
303,porto empedocle,41.15,-8.61,64.4,100,90,9.17,PT,1604285791
304,pevek,69.7,170.31,13.98,97,100,9.62,RU,1604285934
305,ambo,-10.13,-76.2,60.12,67,86,2.28,PE,1604285934
306,pleasanton,37.66,-121.87,64.99,36,1,3.36,US,1604285712
307,haines junction,59.23,-135.44,23.0,85,90,18.34,US,1604285934
308,carutapera,-1.2,-46.02,77.88,84,25,5.66,BR,1604285934
309,sandwick,60.0,-1.25,50.0,81,41,32.21,GB,1604285934
310,hammerfest,70.66,23.68,42.8,81,100,42.5,NO,1604285934
311,eureka,40.8,-124.16,51.01,93,1,1.45,US,1604285730
312,torbay,47.67,-52.73,37.99,80,5,14.99,CA,1604285934
313,soubre,5.79,-6.61,71.58,98,75,2.13,CI,1604285935
314,maymyo,22.03,96.47,80.6,83,75,4.7,MM,1604285935
315,kysyl-syr,63.9,122.76,4.1,90,18,8.16,RU,1604285889
316,samastipur,25.85,85.78,79.84,49,30,6.06,IN,1604285935
317,san anselmo,13.3,-4.9,77.23,19,0,7.11,ML,1604285935
318,pocking,48.4,13.32,55.0,91,100,4.0,DE,1604285935
319,xuanwu,32.07,118.81,66.2,77,21,4.47,CN,1604285935
320,vila do maio,42.03,-8.16,60.01,95,99,8.99,PT,1604285914
321,suicheng,33.9,117.93,66.15,39,68,3.76,CN,1604285935
322,san marcos de colon,13.3,-4.9,77.07,19,0,6.33,ML,1604285908
323,mount gambier,53.66,-1.85,61.0,90,99,5.99,GB,1604285920
324,sungaipenuh,-2.08,101.38,76.5,67,82,4.16,ID,1604285936
325,canon city,49.07,-0.09,64.4,82,90,20.8,FR,1604285936
326,nadym,65.53,72.52,23.65,96,81,15.26,RU,1604285936
327,paros,37.08,25.15,63.0,51,0,8.05,GR,1604285936
328,vanimo,-2.67,141.3,87.28,61,40,7.45,PG,1604285936
329,svetlaya,46.54,138.33,47.95,55,9,6.98,RU,1604285936
330,viedma,-40.81,-63.0,62.01,57,0,14.09,AR,1604285936
331,tzaneen,-23.83,30.16,48.2,93,99,5.82,ZA,1604285936
332,rio tercero,38.3,21.78,51.8,93,0,0.07,GR,1604285936
333,muzhi,65.37,64.67,23.13,93,95,12.12,RU,1604285937
334,denpasar,-8.65,115.22,84.33,69,36,9.84,ID,1604285937
335,marawi,8.0,124.29,87.01,64,100,5.99,PH,1604285937
336,davila,18.47,120.58,87.8,70,75,11.41,PH,1604285937
337,mutis,6.23,-77.4,77.63,84,93,6.02,CO,1604285937
338,yeppoon,-23.13,150.73,89.6,40,40,10.29,AU,1604285937
339,raga,8.46,25.68,72.09,78,88,2.28,SS,1604285937
340,khash,28.22,61.22,48.16,29,0,2.55,IR,1604285937
341,inhambane,-23.86,35.38,69.64,76,68,5.79,MZ,1604285937
342,cabra,37.47,-4.44,60.01,93,0,1.12,ES,1604285938
343,bairiki,1.33,172.98,86.0,70,75,12.75,KI,1604285938
344,teknaf,20.86,92.31,80.87,80,100,7.76,BD,1604285938
345,ginda,30.69,78.49,60.8,82,20,3.36,IN,1604285938
346,clarence town,42.98,-78.59,37.0,69,75,26.4,US,1604285938
347,avera,33.19,-82.53,59.0,67,1,11.41,US,1604285836
348,ostrovnoy,68.05,39.51,38.48,91,100,25.34,RU,1604285938
349,palasa,18.77,84.42,82.38,68,6,2.93,IN,1604285938
350,mamlyutka,54.94,68.54,30.2,86,90,6.71,KZ,1604285938
351,samarai,-10.62,150.67,83.84,74,59,10.8,PG,1604285716
352,strezhevoy,60.73,77.59,32.0,97,90,8.95,RU,1604285939
353,new norfolk,6.65,-10.59,73.49,97,11,2.35,LR,1604285939
354,caiaponia,-16.96,-51.81,68.52,67,78,7.81,BR,1604285731
355,mahebourg,-20.41,57.7,64.4,93,40,4.7,MU,1604285939
356,archidona,37.1,-4.39,61.0,76,0,2.84,ES,1604285939
357,almaznyy,48.04,40.05,53.6,93,40,8.95,RU,1604285939
358,grand-santi,4.25,-54.38,74.21,96,93,1.81,GF,1604285939
359,ambilobe,-13.2,49.05,71.08,68,69,6.67,MG,1604285939
360,belaya gora,49.03,25.77,38.44,88,0,5.64,UA,1604285939
361,venice,27.1,-82.45,77.0,88,1,3.36,US,1604285702
362,vallenar,-28.57,-70.76,54.95,56,0,1.14,CL,1604285940
363,chara,56.91,118.26,-2.65,84,21,2.46,RU,1604285940
364,karaton,-6.34,106.1,88.0,74,40,12.75,ID,1604285940
365,zemio,5.03,25.14,69.1,94,97,2.15,CF,1604285940
366,gao,16.64,1.64,73.29,23,0,11.5,ML,1604285940
367,vestmanna,62.16,-7.17,44.6,81,63,14.99,FO,1604285940
368,sisimiut,66.94,-53.67,27.48,90,100,9.62,GL,1604285940
369,ruwi,23.6,58.55,66.2,63,0,3.36,OM,1604285940
370,soe,-9.86,124.28,88.57,29,44,11.45,ID,1604285940
371,ermelo,-26.53,29.98,51.35,96,100,3.51,ZA,1604285941
372,mayumba,-3.43,10.66,76.93,89,100,3.74,GA,1604285941
373,beringovskiy,63.05,179.32,24.49,93,98,3.29,RU,1604285709
374,alice springs,27.75,-98.07,66.2,63,1,3.36,US,1604285941
375,sumenep,-7.02,113.87,86.43,62,99,9.33,ID,1604285941
376,bay shore,43.73,-84.02,33.01,92,90,14.99,US,1604285941
377,olafsvik,64.89,-23.71,36.45,87,89,18.05,IS,1604285827
378,sebastian,35.17,-94.27,50.0,46,1,2.26,US,1604285941
379,iskateley,67.68,53.15,32.76,96,97,9.44,RU,1604285941
380,varhaug,58.61,5.65,55.0,99,100,11.01,NO,1604285942
381,eidfjord,60.47,7.07,37.99,86,100,5.97,NO,1604285942
382,ewa beach,-8.62,122.51,83.03,65,96,1.28,ID,1604285942
383,roebourne,-20.78,117.13,84.43,39,29,15.68,AU,1604285942
384,ust-karsk,52.7,118.81,20.17,69,57,11.32,RU,1604285942
385,usinsk,65.99,57.53,26.73,98,100,12.71,RU,1604285942
386,qaqortoq,60.72,-46.03,23.0,73,0,4.7,GL,1604285942
387,xining,36.62,101.77,37.33,65,1,2.1,CN,1604285942
388,orlik,52.52,99.83,17.13,85,3,3.11,RU,1604285942
389,nishihara,26.18,127.76,82.4,51,20,5.82,JP,1604285943
390,manama,26.22,50.58,75.2,78,0,2.24,BH,1604285827
391,sabha,27.04,14.43,59.07,62,0,9.71,LY,1604285943
392,airai,-8.93,125.41,79.88,42,97,4.05,TL,1604285682
393,jinka,5.65,36.65,60.28,94,58,3.31,ET,1604285943
394,ellensburg,47.0,-120.55,44.01,68,0,0.89,US,1604285943
395,padre paraiso,-3.74,-59.19,75.85,89,97,2.91,BR,1604285943
396,juazeirinho,-6.82,-38.05,78.49,72,15,9.91,BR,1604285943
397,grand gaube,38.88,-109.5,48.2,42,1,4.7,US,1604285943
398,mangan,27.52,88.53,77.34,22,2,4.34,IN,1604285944
399,burns lake,43.59,-119.05,46.0,45,1,8.05,US,1604285944
400,kokkola,63.84,23.13,48.0,81,100,21.92,FI,1604285944
401,sal rei,32.57,35.91,62.6,77,20,8.05,JO,1604285944
402,biak,-0.91,122.88,84.15,67,100,5.82,ID,1604285944
403,ponta delgada,38.73,-28.27,59.27,79,35,15.05,PT,1604285944
404,grants,35.15,-107.85,46.4,61,1,2.68,US,1604285687
405,bathsheba,13.22,-59.52,82.4,78,40,23.04,BB,1604285944
406,saldanha,-33.01,17.94,62.6,67,0,6.93,ZA,1604285944
407,burgersdorp,-31.0,26.33,52.39,77,0,4.74,ZA,1604285944
408,bilibino,68.05,166.44,9.09,93,100,1.32,RU,1604285945
409,cheremukhovo,60.35,59.99,22.33,96,0,3.18,RU,1604285945
410,kizukuri,40.81,140.39,55.99,93,75,9.17,JP,1604285945
411,biryusinsk,55.96,97.82,32.09,90,100,3.96,RU,1604285945
412,port dickson,-7.03,29.76,71.87,71,99,2.13,CD,1604285907
413,portree,57.41,-6.19,45.0,83,100,12.1,GB,1604285945
414,hun,29.13,15.95,55.53,91,0,2.77,LY,1604285945
415,moose factory,43.66,-110.72,35.6,64,1,4.7,US,1604285945
416,urengoy,65.97,78.37,23.63,97,94,15.41,RU,1604285945
417,guerrero negro,17.67,-100.0,68.04,63,54,1.68,MX,1604285946
418,coahuayana,18.73,-103.68,78.21,82,28,1.72,MX,1604285946
419,salur,18.53,83.22,82.22,64,0,2.08,IN,1604285946
420,ust-maya,60.42,134.53,-2.76,87,98,5.84,RU,1604285947
421,kyra,49.58,111.98,19.09,74,0,11.77,RU,1604285947
422,raymond,43.9,-70.47,44.01,96,100,6.17,US,1604285947
423,lady frere,52.81,23.45,42.01,84,100,1.99,PL,1604285947
424,mpongwe,-13.51,28.16,63.12,73,1,5.23,ZM,1604285947
425,pauini,-7.71,-66.98,73.58,93,37,2.17,BR,1604285947
426,comodoro rivadavia,-13.66,-59.79,71.06,69,69,3.2,BR,1604285947
427,papara,-3.98,-38.73,81.0,78,20,11.41,BR,1604285948
428,quesnel,53.0,-122.5,44.6,65,90,6.93,CA,1604285948
429,jieshi,22.81,115.83,78.01,61,100,3.0,CN,1604285948
430,esperance,-33.87,121.9,80.6,65,75,16.11,AU,1604285680
431,mosquera,4.71,-74.23,57.2,82,75,4.7,CO,1604285948
432,mehamn,71.04,27.85,42.78,81,100,27.4,NO,1604285948
433,bud,39.45,-86.18,35.01,59,1,5.82,US,1604285948
434,quime,-16.98,-67.22,51.33,67,100,4.05,BO,1604285948
435,kapit,2.02,112.93,90.84,52,99,2.86,MY,1604285948
436,chikhli,20.35,76.25,73.69,54,0,5.5,IN,1604285717
437,merritt island,50.11,-120.79,42.8,81,1,3.36,CA,1604285926
438,flin flon,48.5,6.66,62.6,82,90,11.41,FR,1604285949
439,dutse,11.76,9.34,69.84,31,3,5.53,NG,1604285949
440,quanzhou,24.91,118.59,78.8,50,20,15.66,CN,1604285949
441,chowchilla,37.12,-120.26,66.2,51,1,3.62,US,1604285949
442,grand river south east,38.88,-109.5,48.2,42,1,4.7,US,1604285943
443,micheweni,-4.97,39.83,76.51,81,9,5.79,TZ,1604285949
444,pochutla,15.74,-96.47,80.6,78,40,3.22,MX,1604285949
445,kresttsy,58.25,32.52,36.32,89,80,5.21,RU,1604285949
446,sioux lookout,42.73,-96.23,36.0,63,1,7.47,US,1604285949
447,mildura,-34.2,142.15,87.01,32,73,11.41,AU,1604285950
448,englewood,39.65,-104.99,50.0,41,0,3.98,US,1604285950
449,kondinskoye,59.65,67.41,24.64,98,29,7.52,RU,1604285950
450,sangar,63.92,127.47,-5.67,90,100,6.11,RU,1604285828
451,mugumu,-1.85,34.7,61.66,72,67,6.93,TZ,1604285950
452,castrillon,43.4,-6.79,66.0,82,75,2.24,ES,1604285950
453,flinders,-34.58,150.86,73.0,66,95,4.0,AU,1604285698
454,kongolo,-5.38,27.0,70.45,90,98,2.98,CD,1604285950
455,plaridel,14.89,120.86,87.01,74,75,4.7,PH,1604285951
456,anloga,5.79,0.9,79.63,86,72,9.98,GH,1604285951
457,chadiza,-14.07,32.44,62.65,91,40,3.31,ZM,1604285951
458,ibra,22.69,58.53,65.16,27,0,1.74,OM,1604285951
459,akureyri,65.68,-18.09,39.2,51,90,6.93,IS,1604285951
460,faya,18.39,42.45,55.4,34,0,3.33,SA,1604285951
461,myitkyina,25.38,97.4,73.02,95,97,1.92,MM,1604285951
462,leninsk,48.71,45.2,42.8,70,0,4.47,RU,1604285951
463,malindi,-3.22,40.12,76.73,81,31,9.66,KE,1604285951
464,boa vista,4.43,8.97,75.43,88,100,2.33,CM,1604285952
465,northam,51.03,-4.22,61.0,96,100,8.01,GB,1604285952
466,maniitsoq,65.42,-52.9,23.27,95,99,9.46,GL,1604285952
467,tazovskiy,67.47,78.7,20.66,97,97,14.61,RU,1604285952
468,san luis,13.3,-4.9,77.07,19,0,6.33,ML,1604285919
469,murud,18.33,72.97,80.22,66,76,3.44,IN,1604285952
470,tignere,7.37,12.65,68.22,55,100,1.88,CM,1604285952
471,kavieng,-2.57,150.8,86.25,64,9,1.54,PG,1604285952
472,vikulovo,56.82,70.61,30.38,97,95,6.93,RU,1604285952
473,rusne,55.3,21.38,46.4,87,75,8.95,LT,1604285952
474,charleston,32.78,-79.93,64.0,77,1,8.05,US,1604285863
475,naftalan,40.51,46.83,60.8,93,75,3.36,AZ,1604285953
476,port augusta,-7.03,29.76,72.55,71,71,2.08,CD,1604285916
477,jamkhed,18.74,75.31,75.79,56,0,5.35,IN,1604285953
478,viet tri,56.19,15.69,55.4,100,100,14.99,SE,1604285953
479,sorland,67.67,12.69,48.85,83,100,30.82,NO,1604285953
480,lewiston,44.1,-70.21,46.99,100,90,5.82,US,1604285953
481,analipsis,35.32,25.57,66.2,63,20,9.17,GR,1604285953
482,sabya,17.15,42.63,80.6,74,20,8.05,SA,1604285953
483,nantucket,41.28,-70.1,59.0,88,1,11.41,US,1604285953
484,xichang,27.9,102.26,52.38,62,99,4.29,CN,1604285954
485,jinchang,38.5,102.17,46.74,45,0,2.68,CN,1604285688
486,kavaratti,10.57,72.64,81.01,71,0,1.48,IN,1604285954
487,nyurba,63.28,118.33,5.49,87,58,10.16,RU,1604285954
488,smithers,54.78,-127.17,50.0,76,75,9.17,CA,1604285954
489,bubaque,11.28,-15.83,83.55,76,0,14.45,GW,1604285954
490,sobolevo,54.43,31.9,41.23,91,100,8.08,RU,1604285954
491,aquiraz,-3.9,-38.39,80.6,78,20,11.41,BR,1604285725
492,bandipur,27.93,84.42,69.85,58,0,0.45,NP,1604285954
493,turochak,52.26,87.12,32.2,93,0,2.06,RU,1604285954
494,miles city,35.19,-120.7,66.99,55,1,4.7,US,1604285954
495,igrim,63.19,64.42,26.67,94,93,7.27,RU,1604285955
496,teya,60.38,92.63,34.41,89,100,12.68,RU,1604285955
497,mapiri,-15.25,-68.17,71.8,53,98,0.2,BO,1604285955
498,huayang,34.42,109.99,48.88,46,0,8.14,CN,1604285955
499,tessalit,20.2,1.01,71.49,25,67,13.94,ML,1604285955
500,fallon,39.47,-118.78,53.6,25,40,4.7,US,1604285955
501,korla,41.76,86.15,45.77,53,0,5.73,CN,1604285955
502,damietta,31.42,31.81,69.8,83,0,5.82,EG,1604285955
503,baghdad,33.34,44.4,69.8,37,75,11.41,IQ,1604285733
504,marovoay,-16.1,46.63,77.0,69,40,6.93,MG,1604285956
505,ternate,0.8,127.4,85.41,68,84,6.64,ID,1604285956
506,bangkalan,-7.05,112.74,82.83,72,99,5.14,ID,1604285956
507,kichera,55.94,110.1,15.76,76,0,2.21,RU,1604285956
508,banjar,-8.19,114.97,89.49,51,55,3.69,ID,1604285956
509,kathmandu,27.72,85.32,66.2,77,20,2.24,NP,1604285897
510,fairbanks,64.84,-147.72,-0.99,83,1,1.9,US,1604285770
511,lucea,18.45,-78.17,82.4,69,75,10.29,JM,1604285956
512,fortuna,40.6,-124.16,51.01,93,1,5.82,US,1604285956
513,oga,46.46,10.35,48.2,54,75,2.24,IT,1604285956
514,kismayo,-0.36,42.55,78.93,80,16,10.67,SO,1604285957
515,taguatinga,-12.39,-46.57,72.12,91,96,5.93,BR,1604285957
516,norilsk,69.35,88.2,19.4,92,75,4.47,RU,1604285957
517,constitucion,-35.33,-72.42,51.33,90,4,8.03,CL,1604285756
518,cockburn town,-32.08,141.0,82.4,24,30,9.17,AU,1604285957
519,iturama,-19.73,-50.2,69.17,62,3,16.82,BR,1604285957
520,giulvaz,45.55,20.98,44.01,100,90,5.82,RO,1604285957
521,aksarka,66.56,67.8,22.42,95,45,9.8,RU,1604285957
522,dukat,62.55,155.55,15.57,96,100,5.08,RU,1604285957
523,san rafael,13.3,-4.9,77.07,19,0,6.33,ML,1604285908
524,beckley,37.78,-81.19,41.0,59,90,19.46,US,1604285958
525,ler,8.3,30.14,74.14,74,78,3.74,SS,1604285958
526,komsomolskiy,40.43,71.72,42.8,38,100,6.93,UZ,1604285860
527,mitsamiouli,-11.38,43.28,76.96,75,100,11.05,KM,1604285958
528,outlook,51.5,-107.05,44.6,52,62,9.17,CA,1604285958
529,lingao,19.91,109.69,77.45,75,71,7.02,CN,1604285958
530,santa maria,17.49,120.43,86.65,68,69,1.3,PH,1604285958
531,karratha,-20.74,116.85,82.47,43,18,15.73,AU,1604285825
532,iroquois falls,40.75,-87.83,32.0,80,1,8.05,US,1604285958
533,morondava,-20.28,44.28,76.77,73,37,2.73,MG,1604285958
534,seymchan,62.88,152.43,15.76,94,99,1.86,RU,1604285959
535,mikhaylovka,50.06,43.24,44.01,83,91,3.0,RU,1604285959
536,fare,-16.7,-151.02,80.76,78,16,18.84,PF,1604285959
537,nome,64.5,-165.41,19.4,79,1,3.65,US,1604285959
538,ormara,25.21,64.64,77.16,28,0,5.3,PK,1604285959
